product,rating,ratingCount,price,image,productUrl
"Change Your Brain Every Day: Simple Daily Practices to Strengthen Your Mind, Memory, Moods, Focus, Energy, Habits, and Relationships",4.6 out of 5 stars,116,18.99,https://m.media-amazon.com/images/I/71QS15JD1xL._AC_UL400_.jpg,https://amazon.com/gp/slredirect/picassoRedirect.html/ref=pa_sp_atf_aps_sr_pg1_1?ie=UTF8&adId=A04601163FM8E9QA59CFP&qualifier=1682247792&id=2205962181161047&widgetName=sp_atf&url=%2FChange-Your-Brain-Every-Relationships%2Fdp%2F149645457X%2Fref%3Dsr_1_1_sspa%3Fkeywords%3Dmental%2Bhealth%26qid%3D1682247792%26sr%3D8-1-spons%26psc%3D1
Mental Health Is Health Self Care Coloring Book: Anxiety Stress Relief Self Help Coloring Book for Adults and Kids with Motivational And Inspirational Quotes,4.7 out of 5 stars,56,7.99,https://m.media-amazon.com/images/I/71ufsDHsZuL._AC_UL400_.jpg,https://amazon.com/Mental-Health-Self-Care-Coloring/dp/B0B9VTCTMX/ref=sr_1_2?keywords=mental+health&qid=1682247792&sr=8-2
Be Kind To Your Mind: A Mental Health Coloring Book as Mental Health Awareness for Self Help and Self Care,4.2 out of 5 stars,9,5.99,https://m.media-amazon.com/images/I/71UfVxKDLSL._AC_UL400_.jpg,https://amazon.com/Be-Kind-Your-Mind-Awareness/dp/B0B4DHXZPL/ref=sr_1_3?keywords=mental+health&qid=1682247792&sr=8-3
You Are Not Alone: The NAMI Guide to Navigating Mental Health―With Advice from Experts and Wisdom from Real People and Families,4.7 out of 5 stars,271,17.89,https://m.media-amazon.com/images/I/71CjmA6qWyL._AC_UL400_.jpg,https://amazon.com/You-Are-Not-Alone-Health_With/dp/1638930007/ref=sr_1_4?keywords=mental+health&qid=1682247792&sr=8-4
52-Week Mental Health Journal: Guided Prompts and Self-Reflection to Reduce Stress and Improve Wellbeing,4.6 out of 5 stars,"1,332",11.72,https://m.media-amazon.com/images/I/61XtYqlT5PL._AC_UL400_.jpg,https://amazon.com/52-Week-Mental-Health-Journal-Self-Reflection/dp/1648767699/ref=sr_1_5?keywords=mental+health&qid=1682247792&sr=8-5
"Mental Health Workbook: 6 Books in 1: The Attachment Theory, Abandonment Anxiety, Depression in Relationships, Addiction, Complex PTSD, Trauma, CBT Therapy, EMDR and Somatic Psychotherapy",4.5 out of 5 stars,"2,525",32.37,https://m.media-amazon.com/images/I/71uxnbLfebL._AC_UL400_.jpg,https://amazon.com/Mental-Health-Workbook-Relationships-Psychotherapy/dp/B09K21BLTR/ref=sr_1_6?keywords=mental+health&qid=1682247792&sr=8-6
Touring and Mental Health : The Music Industry Manual,4.6 out of 5 stars,7,48.68,https://m.media-amazon.com/images/I/71vJM--infL._AC_UL400_.jpg,https://amazon.com/Touring-Mental-Health-Industry-Manual/dp/1913172341/ref=sr_1_7?keywords=mental+health&qid=1682247792&sr=8-7
"The Mental Health Toolkit: (4 Books in 1) Workbook & Guide for CBT + DBT Skills, Complex PTSD, Addiction & Anxiety Recovery ( Mental Wellness)",4.8 out of 5 stars,49,22.97,https://m.media-amazon.com/images/I/61+WKKCI10L._AC_UL400_.jpg,https://amazon.com/Mental-Health-Toolkit-Workbook-Addiction/dp/B0BLQVZDC9/ref=sr_1_8?keywords=mental+health&qid=1682247792&sr=8-8
"Mood Tracking Journal: Daily Mood Notebook & Mental Health Tracker | Track Mood, Food, Activity, Sleep, & More",4.4 out of 5 stars,167,6.99,https://m.media-amazon.com/images/I/616zjmuc0-L._AC_UL400_.jpg,https://amazon.com/Mood-Tracking-Journal-Notebook-Activity/dp/B09FS2YFXP/ref=sr_1_9?keywords=mental+health&qid=1682247792&sr=8-9
My Therapist Told Me to Journal: A Creative Mental Health Workbook,4.3 out of 5 stars,532,13.49,https://m.media-amazon.com/images/I/71UfxzGD9PL._AC_UL400_.jpg,https://amazon.com/My-Therapist-Told-Me-Journal/dp/1510761128/ref=sr_1_10?keywords=mental+health&qid=1682247792&sr=8-10
"Psychopharmacology: Straight Talk on Mental Health Medications, Fourth Edition",4.7 out of 5 stars,104,0.00,https://m.media-amazon.com/images/I/8165Jct5pdL._AC_UL400_.jpg,https://amazon.com/Psychopharmacology-Straight-Mental-Health-Medications/dp/B09S8JJWFC/ref=sr_1_11?keywords=mental+health&qid=1682247792&sr=8-11
Mental Health : Fulfilling You,4.2 out of 5 stars,7,15.55,https://m.media-amazon.com/images/I/71ZMo9WMGjL._AC_UL400_.jpg,https://amazon.com/Mental-Health-Fulfilling-Sara-Sheehan/dp/B0BMZDXW8M/ref=sr_1_12?keywords=mental+health&qid=1682247792&sr=8-12
A Biblical Worldview on Mental Health for Children,4.3 out of 5 stars,8,41.21,https://m.media-amazon.com/images/I/61lZ-YBclzL._AC_UL400_.jpg,https://amazon.com/Biblical-Worldview-Mental-Health-Children/dp/0578294214/ref=sr_1_13?keywords=mental+health&qid=1682247792&sr=8-13
"1000 Pieces Mental Health Awareness Stickers Small Green Ribbon Awareness Stickers Mental Health Gifts for Adult Women Men Teens Kids Fundraiser Event Mental Health Handout Supplies, 8 Styles",5.0 out of 5 stars,1,15.99,https://m.media-amazon.com/images/I/715Qxt4zOdL._AC_UL400_.jpg,https://amazon.com/Awareness-Stickers-Fundraiser-Handout-Supplies/dp/B0BRK4LR73/ref=sr_1_14?keywords=mental+health&qid=1682247792&sr=8-14
Ab(solutely) Normal: Short Stories That Smash Mental Health Stereotypes,5.0 out of 5 stars,4,22.49,https://m.media-amazon.com/images/I/91Dxraxp3WL._AC_UL400_.jpg,https://amazon.com/Ab-solutely-Normal-Stories-Stereotypes/dp/1536224146/ref=sr_1_16?keywords=mental+health&qid=1682247792&sr=8-16
Counseling Activities Workbook: Handouts and Exercises for Working With People,4.5 out of 5 stars,221,26.27,https://m.media-amazon.com/images/I/91RulHC3SKS._AC_UL400_.jpg,https://amazon.com/gp/slredirect/picassoRedirect.html/ref=pa_sp_mtf_aps_sr_pg1_1?ie=UTF8&adId=A05960482JEA5TMO0E726&qualifier=1682247792&id=2205962181161047&widgetName=sp_mtf&url=%2FCounseling-Activities-Workbook-Handouts-Exercises%2Fdp%2F1988617197%2Fref%3Dsr_1_18_sspa%3Fkeywords%3Dmental%2Bhealth%26qid%3D1682247792%26sr%3D8-18-spons%26psc%3D1
Freedom from Depersonalization Disorder: A Spiritual Book for a Spiritual Illness,5.0 out of 5 stars,1,16.16,https://m.media-amazon.com/images/I/61ZEjln+9qL._AC_UL400_.jpg,https://amazon.com/gp/slredirect/picassoRedirect.html/ref=pa_sp_mtf_aps_sr_pg1_1?ie=UTF8&adId=A08358862ZI913OPXR4HL&qualifier=1682247792&id=2205962181161047&widgetName=sp_mtf&url=%2FFreedom-Depersonalization-Disorder-Spiritual-Illness%2Fdp%2FB0BXBHCLMY%2Fref%3Dsr_1_19_sspa%3Fkeywords%3Dmental%2Bhealth%26qid%3D1682247792%26sr%3D8-19-spons%26psc%3D1
HOW TO HACK YOUR MIND: Learn to Drive Your Mind Toward Success and Self-Healing,5.0 out of 5 stars,8,19.99,https://m.media-amazon.com/images/I/61y7WmtvSuL._AC_UL400_.jpg,https://amazon.com/gp/slredirect/picassoRedirect.html/ref=pa_sp_mtf_aps_sr_pg1_1?ie=UTF8&adId=A0575022NRPB3EBNVNQS&qualifier=1682247792&id=2205962181161047&widgetName=sp_mtf&url=%2FHOW-HACK-YOUR-MIND-Self-Healing%2Fdp%2FB09YB3D2K2%2Fref%3Dsr_1_20_sspa%3Fkeywords%3Dmental%2Bhealth%26qid%3D1682247792%26sr%3D8-20-spons%26psc%3D1
Eat to Beat Depression and Anxiety: Nourish Your Way to Better Mental Health in Six Weeks,4.5 out of 5 stars,616,0.00,https://m.media-amazon.com/images/I/81VQHLM2zRL._AC_UL400_.jpg,https://amazon.com/Eat-Beat-Depression-Anxiety-Nourish/dp/B08BWXBL7P/ref=sr_1_21?keywords=mental+health&qid=1682247792&sr=8-21
Improving Learning and Mental Health in the College Classroom (Teaching and Learning in Higher Education),5.0 out of 5 stars,1,24.99,https://m.media-amazon.com/images/I/71v2YY8vXqL._AC_UL400_.jpg,https://amazon.com/Improving-Learning-Classroom-Teaching-Education/dp/1952271800/ref=sr_1_22?keywords=mental+health&qid=1682247792&sr=8-22
Mental Health Awareness Green Ribbon Rustic Wall Art Decor Autism Awareness Sign Puzzle Piece Autistic Support Wood Sign Farmhouse Wooden Plaque Kitchen Bedroom Living Room Home Decor Birthday Gift,5.0 out of 5 stars,1,11.99,https://m.media-amazon.com/images/I/714guGdOrGL._AC_UL400_.jpg,https://amazon.com/Awareness-Autistic-Support-Farmhouse-Birthday/dp/B09S9JRJPP/ref=sr_1_23?keywords=mental+health&qid=1682247792&sr=8-23
"Mental Health Journal: Daily Check-In: 70 Days of Reflection Space to Track Your Moods, Intentions, and Well-being",4.6 out of 5 stars,26,10.79,https://m.media-amazon.com/images/I/71R5lJXXI0L._AC_UL400_.jpg,https://amazon.com/Mental-Health-Journal-Check-Reflection/dp/B0B92D3DBM/ref=sr_1_24?keywords=mental+health&qid=1682247792&sr=8-24
"JOURNAL for BLACK MEN: Walkthrough Journal With Inspiring and Motivating Exercises and Prompts for Growing Your Self-Awareness, Abundance, Mental Health , and Becoming the Man You Desire",4.8 out of 5 stars,75,10.99,https://m.media-amazon.com/images/I/51ZV+AiX-tL._AC_UL400_.jpg,https://amazon.com/gp/slredirect/picassoRedirect.html/ref=pa_sp_mtf_aps_sr_pg1_1?ie=UTF8&adId=A09551602Z0V9P0WS18UK&qualifier=1682247792&id=2205962181161047&widgetName=sp_mtf&url=%2FJOURNAL-BLACK-MEN-Walkthrough-Self-Awareness%2Fdp%2F1802555951%2Fref%3Dsr_1_25_sspa%3Fkeywords%3Dmental%2Bhealth%26qid%3D1682247792%26sr%3D8-25-spons%26psc%3D1
"Daily Self-Care Journal for Black Women: A 365-Day Guided Journal for Self-Discovery. The Perfect Tool to Help Black Women Build Own Awareness, Stronger Habits, and Life Foundations",4.9 out of 5 stars,133,11.99,https://m.media-amazon.com/images/I/61vKukibbxL._AC_UL400_.jpg,https://amazon.com/gp/slredirect/picassoRedirect.html/ref=pa_sp_mtf_aps_sr_pg1_1?ie=UTF8&adId=A00110712KQIEAM5YMTWM&qualifier=1682247792&id=2205962181161047&widgetName=sp_mtf&url=%2FDaily-Self-Care-Journal-Black-Women%2Fdp%2FB0BW2X99JN%2Fref%3Dsr_1_26_sspa%3Fkeywords%3Dmental%2Bhealth%26qid%3D1682247792%26sr%3D8-26-spons%26psc%3D1
The Shadow Work Workbook: Heal Past Traumas and Inner Child by Uncovering Your Authentic Self,5.0 out of 5 stars,339,12.95,https://m.media-amazon.com/images/I/61DqwyUDqWL._AC_UL400_.jpg,https://amazon.com/gp/slredirect/picassoRedirect.html/ref=pa_sp_mtf_aps_sr_pg1_1?ie=UTF8&adId=A05239782GZFWQL5I2WVW&qualifier=1682247792&id=2205962181161047&widgetName=sp_mtf&url=%2FShadow-Work-Workbook-Uncovering-Authentic%2Fdp%2FB0BYRPZQCD%2Fref%3Dsr_1_28_sspa%3Fkeywords%3Dmental%2Bhealth%26qid%3D1682247792%26sr%3D8-28-spons%26psc%3D1
"Lokai Silicone Beaded Bracelet for Mental Health Awareness - Silicone Jewelry Fashion Bracelet Slides-On for Comfortable Fit - Mental Health Bracelet for Men, Women & Kids",4.7 out of 5 stars,640,18.00,https://m.media-amazon.com/images/I/61qYk431R-L._AC_UL400_.jpg,https://amazon.com/Lokai-Collection-Bracelet-Mental-Health/dp/B01NA0CCGJ/ref=sr_1_30?keywords=mental+health&qid=1682247792&sr=8-30
"Psychiatric- Mental Health Nursing: Scope and Standards of Practice, 3rd Edition",4.6 out of 5 stars,8,36.95,https://m.media-amazon.com/images/I/61q-WEhsRIL._AC_UL400_.jpg,https://amazon.com/Psychiatric-Mental-Health-Nursing-Standards-Practice/dp/1947800973/ref=sr_1_31?keywords=mental+health&qid=1682247792&sr=8-31
"Brain Energy: A Revolutionary Breakthrough in Understanding Mental Health—and Improving Treatment for Anxiety, Depression, OCD, PTSD, and More",4.6 out of 5 stars,545,0.00,https://m.media-amazon.com/images/I/91FC2Zk-NrL._AC_UL400_.jpg,https://amazon.com/Brain-Energy-Revolutionary-Understanding-Health/dp/B0BFC5JDD7/ref=sr_1_32?keywords=mental+health&qid=1682247792&sr=8-32
"Mental Health Journal for Men: Creative Prompts, Practices, and Exercises to Bolster Wellness",4.6 out of 5 stars,732,13.49,https://m.media-amazon.com/images/I/81gqs3itPkL._AC_UL400_.jpg,https://amazon.com/gp/slredirect/picassoRedirect.html/ref=pa_sp_mtf_aps_sr_pg1_1?ie=UTF8&adId=A1004239V3G3ED84RW80&qualifier=1682247792&id=2205962181161047&widgetName=sp_mtf&url=%2FMental-Health-Journal-Men-Practices%2Fdp%2F1647396255%2Fref%3Dsr_1_33_sspa%3Fkeywords%3Dmental%2Bhealth%26qid%3D1682247792%26sr%3D8-33-spons%26psc%3D1
Unlock Happiness By Mastering The Self,4.9 out of 5 stars,39,14.99,https://m.media-amazon.com/images/I/61EnZai4ZkL._AC_UL400_.jpg,https://amazon.com/gp/slredirect/picassoRedirect.html/ref=pa_sp_mtf_aps_sr_pg1_1?ie=UTF8&adId=A0469167XA4V0H4SYU5N&qualifier=1682247792&id=2205962181161047&widgetName=sp_mtf&url=%2FUnlock-Happiness-Mastering-Shobeir-Shobeyri%2Fdp%2FB0BYM1HVYH%2Fref%3Dsr_1_35_sspa%3Fkeywords%3Dmental%2Bhealth%26qid%3D1682247792%26sr%3D8-35-spons%26psc%3D1
The Big Feelings Survival Guide: A Creative Workbook for Mental Health (74 DBT and Art Therapy Exercises),5.0 out of 5 stars,1,14.39,https://m.media-amazon.com/images/I/81RxeNCuSNL._AC_UL400_.jpg,https://amazon.com/Big-Feelings-Survival-Guide-Exercises/dp/1523515937/ref=sr_1_36?keywords=mental+health&qid=1682247792&sr=8-36
Of Two Minds,4.3 out of 5 stars,105,1.99,https://m.media-amazon.com/images/I/61n0i2yPidL._AC_UL400_.jpg,https://amazon.com/Two-Minds-Terri-Cheney/dp/B08CGKLNP9/ref=sr_1_37?keywords=mental+health&qid=1682247792&sr=8-37
Words On Bathroom Walls,4.6 out of 5 stars,"2,951",3.99,https://m.media-amazon.com/images/I/81MuvAlUijL._AC_UL400_.jpg,https://amazon.com/Words-Bathroom-Walls-Charlie-Plummer/dp/B08MWVV2SN/ref=sr_1_38?keywords=mental+health&qid=1682247792&sr=8-38
We Need to Talk About Kevin,3.8 out of 5 stars,"2,791",2.99,https://m.media-amazon.com/images/I/71mAErN+evL._AC_UL400_.jpg,https://amazon.com/We-Need-talk-About-Kevin/dp/B009AYVNEY/ref=sr_1_39?keywords=mental+health&qid=1682247792&sr=8-39
The Substance Of Things Hoped For,4.6 out of 5 stars,39,1.99,https://m.media-amazon.com/images/I/71yhMUu2B3S._AC_UL400_.jpg,https://amazon.com/Substance-Things-Hoped-Ray-Wise/dp/B092RRRTTL/ref=sr_1_40?keywords=mental+health&qid=1682247792&sr=8-40
"Out of Mind, Out of Sight",4.3 out of 5 stars,133,2.99,https://m.media-amazon.com/images/I/814TTWdHLfL._AC_UL400_.jpg,https://amazon.com/Out-Mind-Sight-John-Kastner/dp/B07FPXL7RD/ref=sr_1_42?keywords=mental+health&qid=1682247792&sr=8-42
The CBT Workbook for Mental Health : Evidence-Based Exercises to Transform Negative Thoughts and Manage Your Well-Being,4.7 out of 5 stars,878,12.91,https://m.media-amazon.com/images/I/614l88VOlaS._AC_UL400_.jpg,https://amazon.com/CBT-Workbook-Mental-Health-Evidence-Based/dp/1647398053/ref=sr_1_43?keywords=mental+health&qid=1682247792&sr=8-43
Let That Sh*t Go: A Journal for Leaving Your Bullsh*t Behind and Creating a Happy Life (Zen as F*ck Journals),4.7 out of 5 stars,"30,794",8.99,https://m.media-amazon.com/images/I/71hTq4t1PEL._AC_UL400_.jpg,https://amazon.com/Let-That-Sh-Go-Creating/dp/1250181909/ref=sr_1_44?keywords=mental+health&qid=1682247792&sr=8-44
THINGS WE DON’T TALK ABOUT,4.6 out of 5 stars,"3,390",7.50,https://m.media-amazon.com/images/I/412HgC99pzL._AC_UL400_.jpg,https://amazon.com/THINGS-WE-DONT-TALK-ABOUT/dp/1794173277/ref=sr_1_45?keywords=mental+health&qid=1682247792&sr=8-45
"The Body Keeps the Score: Brain, Mind, and Body in the Healing of Trauma",4.8 out of 5 stars,"65,353",11.40,https://m.media-amazon.com/images/I/71bVExi4yXL._AC_UL400_.jpg,https://amazon.com/Body-Keeps-Score-Healing-Trauma/dp/0143127748/ref=sr_1_46?keywords=mental+health&qid=1682247792&sr=8-46
"Stop Overthinking: 23 Techniques to Relieve Stress, Stop Negative Spirals, Declutter Your Mind, and Focus on the Present (The Path to Calm)",4.5 out of 5 stars,"7,034",14.57,https://m.media-amazon.com/images/I/71GER17B6wL._AC_UL400_.jpg,https://amazon.com/Stop-Overthinking-Techniques-Declutter-Emotional/dp/B08XLLF3PG/ref=sr_1_47?keywords=mental+health&qid=1682247792&sr=8-47
"Self-Love Workbook for Women: Release Self-Doubt, Build Self-Compassion, and Embrace Who You Are (Self-Help Workbooks for Women)",4.7 out of 5 stars,"18,002",9.59,https://m.media-amazon.com/images/I/71AVGBFlK+L._AC_UL400_.jpg,https://amazon.com/Self-Love-Workbook-Women-Self-Doubt-Self-Compassion/dp/1647397294/ref=sr_1_48?keywords=mental+health&qid=1682247792&sr=8-48
Get Back Up,4.7 out of 5 stars,225,3.99,https://m.media-amazon.com/images/I/61Ci9khCefL._AC_UL400_.jpg,https://amazon.com/Get-Back-Up-Justin-Furstenfeld/dp/B08R97G4FS/ref=sr_1_50?keywords=mental+health&qid=1682247792&sr=8-50
The Complete Adult Psychotherapy Treatment Planner (PracticePlanners),4.7 out of 5 stars,922,58.99,https://m.media-amazon.com/images/I/812gaAwFuuL._AC_UL400_.jpg,https://amazon.com/Complete-Psychotherapy-Treatment-Planner-PracticePlanners/dp/1119629934/ref=sr_1_51?keywords=mental+health&qid=1682247792&sr=8-51
"U****k Your Brain: Getting Over Anxiety, Depression, Anger, Freak-Outs, and Triggers with science (5-Minute Therapy)",4.6 out of 5 stars,"5,760",13.56,https://m.media-amazon.com/images/I/71anrw-s8TL._AC_UL400_.jpg,https://amazon.com/Unfuck-Your-Brain-Depression-Freak-Outs/dp/1621063046/ref=sr_1_52?keywords=mental+health&qid=1682247792&sr=8-52
CASE 219,3.3 out of 5 stars,11,2.99,https://m.media-amazon.com/images/I/71JvFfGO3FS._AC_UL400_.jpg,https://amazon.com/CASE-219-Leven-Rambin/dp/B096L6WJDX/ref=sr_1_53?keywords=mental+health&qid=1682247792&sr=8-53
Motivational Interviewing for Mental Health Clinicians: A Toolkit for Skills Enhancement,4.7 out of 5 stars,89,34.99,https://m.media-amazon.com/images/I/61AMX0vm61S._AC_UL400_.jpg,https://amazon.com/Motivational-Interviewing-Mental-Health-Clinicians/dp/1683732014/ref=sr_1_54?keywords=mental+health&qid=1682247792&sr=8-54
The Subtle Art of Not Giving a F*ck Journal,4.7 out of 5 stars,424,12.51,https://m.media-amazon.com/images/I/610cDipx6WL._AC_UL400_.jpg,https://amazon.com/Subtle-Art-Not-Giving-Journal/dp/0063228254/ref=sr_1_55?keywords=mental+health&qid=1682247792&sr=8-55
"Mood Tracker Journal: Daily Mental Health & Wellness Diary With Prompts For Relieving Anxiety, Borderline Personality Disorder Or Depression | Self ... & Teens Girls (Daily Mood Tracker Journal)",4.5 out of 5 stars,79,7.95,https://m.media-amazon.com/images/I/71PbVQAA2GL._AC_UL400_.jpg,https://amazon.com/Mood-Tracker-Journal-Borderline-Personality/dp/B0BCH1BQP3/ref=sr_1_56?keywords=mental+health&qid=1682247792&sr=8-56
The Rest of Us,5.0 out of 5 stars,3,1.99,https://m.media-amazon.com/images/I/81x5Dhk46FL._AC_UL400_.jpg,https://amazon.com/Rest-Us-Devika-Bhise/dp/B092Q1L297/ref=sr_1_58?keywords=mental+health&qid=1682247792&sr=8-58
"Mysteries of Mental Illness, Season 1",4.4 out of 5 stars,72,1.99,https://m.media-amazon.com/images/I/81x24edTlyS._AC_UL400_.jpg,https://amazon.com/New-Frontiers/dp/B097L584D4/ref=sr_1_59?keywords=mental+health&qid=1682247792&sr=8-59
